<?xml version="1.0" encoding="UTF-8"?>
<DocSetNodes version="1.0">
  <TOC>
    <Node>
      <Name>Root</Name>
      <Path>index.html</Path>
      <Subnodes>
       <Node>
        <Name>Platinum UPnP SDK</Name>
        <Path>index.html</Path>
       </Node>
       <Node>
        <Name>Class List</Name>
        <Path>annotated.html</Path>
        <Subnodes>
         <Node>
          <Name>NPT_AllowedValueRange</Name>
          <Path>structNPT__AllowedValueRange.html</Path>
         </Node>
         <Node>
          <Name>NPT_StringFinder</Name>
          <Path>classNPT__StringFinder.html</Path>
         </Node>
         <Node>
          <Name>PLT_Action</Name>
          <Path>classPLT__Action.html</Path>
         </Node>
         <Node>
          <Name>PLT_ActionDesc</Name>
          <Path>classPLT__ActionDesc.html</Path>
         </Node>
         <Node>
          <Name>PLT_ActionDescNameFinder</Name>
          <Path>classPLT__ActionDescNameFinder.html</Path>
         </Node>
         <Node>
          <Name>PLT_Argument</Name>
          <Path>classPLT__Argument.html</Path>
         </Node>
         <Node>
          <Name>PLT_ArgumentDesc</Name>
          <Path>classPLT__ArgumentDesc.html</Path>
         </Node>
         <Node>
          <Name>PLT_ArgumentDescNameFinder</Name>
          <Path>classPLT__ArgumentDescNameFinder.html</Path>
         </Node>
         <Node>
          <Name>PLT_ArgumentNameFinder</Name>
          <Path>classPLT__ArgumentNameFinder.html</Path>
         </Node>
         <Node>
          <Name>PLT_BrowseInfo</Name>
          <Path>structPLT__BrowseInfo.html</Path>
         </Node>
         <Node>
          <Name>PLT_Constants</Name>
          <Path>classPLT__Constants.html</Path>
         </Node>
         <Node>
          <Name>PLT_CtrlPoint</Name>
          <Path>classPLT__CtrlPoint.html</Path>
         </Node>
         <Node>
          <Name>PLT_CtrlPointGetDescriptionTask</Name>
          <Path>classPLT__CtrlPointGetDescriptionTask.html</Path>
         </Node>
         <Node>
          <Name>PLT_CtrlPointGetSCPDRequest</Name>
          <Path>classPLT__CtrlPointGetSCPDRequest.html</Path>
         </Node>
         <Node>
          <Name>PLT_CtrlPointGetSCPDTask</Name>
          <Path>classPLT__CtrlPointGetSCPDTask.html</Path>
         </Node>
         <Node>
          <Name>PLT_CtrlPointHouseKeepingTask</Name>
          <Path>classPLT__CtrlPointHouseKeepingTask.html</Path>
         </Node>
         <Node>
          <Name>PLT_CtrlPointInvokeActionTask</Name>
          <Path>classPLT__CtrlPointInvokeActionTask.html</Path>
         </Node>
         <Node>
          <Name>PLT_CtrlPointListener</Name>
          <Path>classPLT__CtrlPointListener.html</Path>
         </Node>
         <Node>
          <Name>PLT_CtrlPointSubscribeEventTask</Name>
          <Path>classPLT__CtrlPointSubscribeEventTask.html</Path>
         </Node>
         <Node>
          <Name>PLT_DeviceData</Name>
          <Path>classPLT__DeviceData.html</Path>
         </Node>
         <Node>
          <Name>PLT_DeviceDataFinder</Name>
          <Path>classPLT__DeviceDataFinder.html</Path>
         </Node>
         <Node>
          <Name>PLT_DeviceDataFinderByType</Name>
          <Path>classPLT__DeviceDataFinderByType.html</Path>
         </Node>
         <Node>
          <Name>PLT_DeviceHost</Name>
          <Path>classPLT__DeviceHost.html</Path>
         </Node>
         <Node>
          <Name>PLT_DeviceIcon</Name>
          <Path>classPLT__DeviceIcon.html</Path>
         </Node>
         <Node>
          <Name>PLT_Didl</Name>
          <Path>classPLT__Didl.html</Path>
         </Node>
         <Node>
          <Name>PLT_EventSubscriber</Name>
          <Path>classPLT__EventSubscriber.html</Path>
         </Node>
         <Node>
          <Name>PLT_EventSubscriberFinderByCallbackURL</Name>
          <Path>classPLT__EventSubscriberFinderByCallbackURL.html</Path>
         </Node>
         <Node>
          <Name>PLT_EventSubscriberFinderByService</Name>
          <Path>classPLT__EventSubscriberFinderByService.html</Path>
         </Node>
         <Node>
          <Name>PLT_EventSubscriberFinderBySID</Name>
          <Path>classPLT__EventSubscriberFinderBySID.html</Path>
         </Node>
         <Node>
          <Name>PLT_FileMediaServer</Name>
          <Path>classPLT__FileMediaServer.html</Path>
         </Node>
         <Node>
          <Name>PLT_FileMediaServerDelegate</Name>
          <Path>classPLT__FileMediaServerDelegate.html</Path>
         </Node>
         <Node>
          <Name>PLT_GetSCPDXMLIterator&lt; T &gt;</Name>
          <Path>classPLT__GetSCPDXMLIterator.html</Path>
         </Node>
         <Node>
          <Name>PLT_HttpClientSocketTask</Name>
          <Path>classPLT__HttpClientSocketTask.html</Path>
         </Node>
         <Node>
          <Name>PLT_HttpClientTask&lt; T &gt;</Name>
          <Path>classPLT__HttpClientTask.html</Path>
         </Node>
         <Node>
          <Name>PLT_HttpHelper</Name>
          <Path>classPLT__HttpHelper.html</Path>
         </Node>
         <Node>
          <Name>PLT_HttpListenTask</Name>
          <Path>classPLT__HttpListenTask.html</Path>
         </Node>
         <Node>
          <Name>PLT_HttpRequestContext</Name>
          <Path>classPLT__HttpRequestContext.html</Path>
         </Node>
         <Node>
          <Name>PLT_HttpRequestHandler</Name>
          <Path>classPLT__HttpRequestHandler.html</Path>
         </Node>
         <Node>
          <Name>PLT_HttpServer</Name>
          <Path>classPLT__HttpServer.html</Path>
         </Node>
         <Node>
          <Name>PLT_HttpServerSocketTask</Name>
          <Path>classPLT__HttpServerSocketTask.html</Path>
         </Node>
         <Node>
          <Name>PLT_HttpServerTask</Name>
          <Path>classPLT__HttpServerTask.html</Path>
         </Node>
         <Node>
          <Name>PLT_HttpTcpConnector</Name>
          <Path>classPLT__HttpTcpConnector.html</Path>
         </Node>
         <Node>
          <Name>PLT_InputDatagramStream</Name>
          <Path>classPLT__InputDatagramStream.html</Path>
         </Node>
         <Node>
          <Name>PLT_LastChangeXMLIterator</Name>
          <Path>classPLT__LastChangeXMLIterator.html</Path>
         </Node>
         <Node>
          <Name>PLT_MediaBrowser</Name>
          <Path>classPLT__MediaBrowser.html</Path>
         </Node>
         <Node>
          <Name>PLT_MediaBrowserDelegate</Name>
          <Path>classPLT__MediaBrowserDelegate.html</Path>
         </Node>
         <Node>
          <Name>PLT_MediaCache&lt; T, U &gt;</Name>
          <Path>classPLT__MediaCache.html</Path>
         </Node>
         <Node>
          <Name>PLT_MediaContainer</Name>
          <Path>classPLT__MediaContainer.html</Path>
         </Node>
         <Node>
          <Name>PLT_MediaItem</Name>
          <Path>classPLT__MediaItem.html</Path>
         </Node>
         <Node>
          <Name>PLT_MediaObject</Name>
          <Path>classPLT__MediaObject.html</Path>
         </Node>
         <Node>
          <Name>PLT_MediaObjectList</Name>
          <Path>classPLT__MediaObjectList.html</Path>
         </Node>
         <Node>
          <Name>PLT_MediaServer</Name>
          <Path>classPLT__MediaServer.html</Path>
         </Node>
         <Node>
          <Name>PLT_MediaServerDelegate</Name>
          <Path>classPLT__MediaServerDelegate.html</Path>
         </Node>
         <Node>
          <Name>PLT_NetworkInterfaceAddressSearchIterator</Name>
          <Path>classPLT__NetworkInterfaceAddressSearchIterator.html</Path>
         </Node>
         <Node>
          <Name>PLT_ObjectClass</Name>
          <Path>structPLT__ObjectClass.html</Path>
         </Node>
         <Node>
          <Name>PLT_OutputDatagramStream</Name>
          <Path>classPLT__OutputDatagramStream.html</Path>
         </Node>
         <Node>
          <Name>PLT_ProtocolInfo</Name>
          <Path>classPLT__ProtocolInfo.html</Path>
         </Node>
         <Node>
          <Name>PLT_Service</Name>
          <Path>classPLT__Service.html</Path>
         </Node>
         <Node>
          <Name>PLT_ServiceControlURLFinder</Name>
          <Path>classPLT__ServiceControlURLFinder.html</Path>
         </Node>
         <Node>
          <Name>PLT_ServiceEventSubURLFinder</Name>
          <Path>classPLT__ServiceEventSubURLFinder.html</Path>
         </Node>
         <Node>
          <Name>PLT_ServiceIDFinder</Name>
          <Path>classPLT__ServiceIDFinder.html</Path>
         </Node>
         <Node>
          <Name>PLT_ServiceSCPDURLFinder</Name>
          <Path>classPLT__ServiceSCPDURLFinder.html</Path>
         </Node>
         <Node>
          <Name>PLT_ServiceTypeFinder</Name>
          <Path>classPLT__ServiceTypeFinder.html</Path>
         </Node>
         <Node>
          <Name>PLT_SsdpAnnounceInterfaceIterator</Name>
          <Path>classPLT__SsdpAnnounceInterfaceIterator.html</Path>
         </Node>
         <Node>
          <Name>PLT_SsdpDeviceAnnounceTask</Name>
          <Path>classPLT__SsdpDeviceAnnounceTask.html</Path>
         </Node>
         <Node>
          <Name>PLT_SsdpDeviceSearchResponseInterfaceIterator</Name>
          <Path>classPLT__SsdpDeviceSearchResponseInterfaceIterator.html</Path>
         </Node>
         <Node>
          <Name>PLT_SsdpDeviceSearchResponseTask</Name>
          <Path>classPLT__SsdpDeviceSearchResponseTask.html</Path>
         </Node>
         <Node>
          <Name>PLT_SsdpInitMulticastIterator</Name>
          <Path>classPLT__SsdpInitMulticastIterator.html</Path>
         </Node>
         <Node>
          <Name>PLT_SsdpListenTask</Name>
          <Path>classPLT__SsdpListenTask.html</Path>
         </Node>
         <Node>
          <Name>PLT_SsdpPacketListener</Name>
          <Path>classPLT__SsdpPacketListener.html</Path>
         </Node>
         <Node>
          <Name>PLT_SsdpPacketListenerIterator</Name>
          <Path>classPLT__SsdpPacketListenerIterator.html</Path>
         </Node>
         <Node>
          <Name>PLT_SsdpSearchResponseListener</Name>
          <Path>classPLT__SsdpSearchResponseListener.html</Path>
         </Node>
         <Node>
          <Name>PLT_SsdpSearchTask</Name>
          <Path>classPLT__SsdpSearchTask.html</Path>
         </Node>
         <Node>
          <Name>PLT_SsdpSender</Name>
          <Path>classPLT__SsdpSender.html</Path>
         </Node>
         <Node>
          <Name>PLT_StateVariable</Name>
          <Path>classPLT__StateVariable.html</Path>
         </Node>
         <Node>
          <Name>PLT_StateVariableNameFinder</Name>
          <Path>classPLT__StateVariableNameFinder.html</Path>
         </Node>
         <Node>
          <Name>PLT_TaskManager</Name>
          <Path>classPLT__TaskManager.html</Path>
         </Node>
         <Node>
          <Name>PLT_ThreadTask</Name>
          <Path>classPLT__ThreadTask.html</Path>
         </Node>
         <Node>
          <Name>PLT_UPnP</Name>
          <Path>classPLT__UPnP.html</Path>
         </Node>
         <Node>
          <Name>PLT_UPnPMessageHelper</Name>
          <Path>classPLT__UPnPMessageHelper.html</Path>
         </Node>
         <Node>
          <Name>PLT_XmlAttributeFinder</Name>
          <Path>classPLT__XmlAttributeFinder.html</Path>
         </Node>
         <Node>
          <Name>PLT_XmlHelper</Name>
          <Path>classPLT__XmlHelper.html</Path>
         </Node>
        </Subnodes>
       </Node>
       <Node>
        <Name>Class Hierarchy</Name>
        <Path>hierarchy.html</Path>
        <Subnodes>
         <Node>
          <Name>NPT_AllowedValueRange</Name>
          <Path>structNPT__AllowedValueRange.html</Path>
         </Node>
         <Node>
          <Name>NPT_StringFinder</Name>
          <Path>classNPT__StringFinder.html</Path>
         </Node>
         <Node>
          <Name>PLT_Action</Name>
          <Path>classPLT__Action.html</Path>
         </Node>
         <Node>
          <Name>PLT_ActionDesc</Name>
          <Path>classPLT__ActionDesc.html</Path>
         </Node>
         <Node>
          <Name>PLT_ActionDescNameFinder</Name>
          <Path>classPLT__ActionDescNameFinder.html</Path>
         </Node>
         <Node>
          <Name>PLT_Argument</Name>
          <Path>classPLT__Argument.html</Path>
         </Node>
         <Node>
          <Name>PLT_ArgumentDesc</Name>
          <Path>classPLT__ArgumentDesc.html</Path>
         </Node>
         <Node>
          <Name>PLT_ArgumentDescNameFinder</Name>
          <Path>classPLT__ArgumentDescNameFinder.html</Path>
         </Node>
         <Node>
          <Name>PLT_ArgumentNameFinder</Name>
          <Path>classPLT__ArgumentNameFinder.html</Path>
         </Node>
         <Node>
          <Name>PLT_BrowseInfo</Name>
          <Path>structPLT__BrowseInfo.html</Path>
         </Node>
         <Node>
          <Name>PLT_Constants</Name>
          <Path>classPLT__Constants.html</Path>
         </Node>
         <Node>
          <Name>PLT_CtrlPointGetSCPDRequest</Name>
          <Path>classPLT__CtrlPointGetSCPDRequest.html</Path>
         </Node>
         <Node>
          <Name>PLT_CtrlPointListener</Name>
          <Path>classPLT__CtrlPointListener.html</Path>
          <Subnodes>
           <Node>
            <Name>PLT_MediaBrowser</Name>
            <Path>classPLT__MediaBrowser.html</Path>
           </Node>
          </Subnodes>
         </Node>
         <Node>
          <Name>PLT_DeviceData</Name>
          <Path>classPLT__DeviceData.html</Path>
          <Subnodes>
           <Node>
            <Name>PLT_DeviceHost</Name>
            <Path>classPLT__DeviceHost.html</Path>
            <Subnodes>
             <Node>
              <Name>PLT_MediaServer</Name>
              <Path>classPLT__MediaServer.html</Path>
              <Subnodes>
               <Node>
                <Name>PLT_FileMediaServer</Name>
                <Path>classPLT__FileMediaServer.html</Path>
               </Node>
              </Subnodes>
             </Node>
            </Subnodes>
           </Node>
          </Subnodes>
         </Node>
         <Node>
          <Name>PLT_DeviceDataFinder</Name>
          <Path>classPLT__DeviceDataFinder.html</Path>
         </Node>
         <Node>
          <Name>PLT_DeviceDataFinderByType</Name>
          <Path>classPLT__DeviceDataFinderByType.html</Path>
         </Node>
         <Node>
          <Name>PLT_DeviceIcon</Name>
          <Path>classPLT__DeviceIcon.html</Path>
         </Node>
         <Node>
          <Name>PLT_Didl</Name>
          <Path>classPLT__Didl.html</Path>
         </Node>
         <Node>
          <Name>PLT_EventSubscriber</Name>
          <Path>classPLT__EventSubscriber.html</Path>
         </Node>
         <Node>
          <Name>PLT_EventSubscriberFinderByCallbackURL</Name>
          <Path>classPLT__EventSubscriberFinderByCallbackURL.html</Path>
         </Node>
         <Node>
          <Name>PLT_EventSubscriberFinderByService</Name>
          <Path>classPLT__EventSubscriberFinderByService.html</Path>
         </Node>
         <Node>
          <Name>PLT_EventSubscriberFinderBySID</Name>
          <Path>classPLT__EventSubscriberFinderBySID.html</Path>
         </Node>
         <Node>
          <Name>PLT_GetSCPDXMLIterator&lt; T &gt;</Name>
          <Path>classPLT__GetSCPDXMLIterator.html</Path>
         </Node>
         <Node>
          <Name>PLT_HttpHelper</Name>
          <Path>classPLT__HttpHelper.html</Path>
         </Node>
         <Node>
          <Name>PLT_HttpRequestContext</Name>
          <Path>classPLT__HttpRequestContext.html</Path>
         </Node>
         <Node>
          <Name>PLT_HttpRequestHandler</Name>
          <Path>classPLT__HttpRequestHandler.html</Path>
         </Node>
         <Node>
          <Name>PLT_HttpServer</Name>
          <Path>classPLT__HttpServer.html</Path>
         </Node>
         <Node>
          <Name>PLT_HttpTcpConnector</Name>
          <Path>classPLT__HttpTcpConnector.html</Path>
         </Node>
         <Node>
          <Name>PLT_InputDatagramStream</Name>
          <Path>classPLT__InputDatagramStream.html</Path>
         </Node>
         <Node>
          <Name>PLT_LastChangeXMLIterator</Name>
          <Path>classPLT__LastChangeXMLIterator.html</Path>
         </Node>
         <Node>
          <Name>PLT_MediaBrowserDelegate</Name>
          <Path>classPLT__MediaBrowserDelegate.html</Path>
         </Node>
         <Node>
          <Name>PLT_MediaCache&lt; T, U &gt;</Name>
          <Path>classPLT__MediaCache.html</Path>
         </Node>
         <Node>
          <Name>PLT_MediaObject</Name>
          <Path>classPLT__MediaObject.html</Path>
          <Subnodes>
           <Node>
            <Name>PLT_MediaContainer</Name>
            <Path>classPLT__MediaContainer.html</Path>
           </Node>
           <Node>
            <Name>PLT_MediaItem</Name>
            <Path>classPLT__MediaItem.html</Path>
           </Node>
          </Subnodes>
         </Node>
         <Node>
          <Name>PLT_MediaObjectList</Name>
          <Path>classPLT__MediaObjectList.html</Path>
         </Node>
         <Node>
          <Name>PLT_MediaServerDelegate</Name>
          <Path>classPLT__MediaServerDelegate.html</Path>
          <Subnodes>
           <Node>
            <Name>PLT_FileMediaServerDelegate</Name>
            <Path>classPLT__FileMediaServerDelegate.html</Path>
            <Subnodes>
             <Node>
              <Name>PLT_FileMediaServer</Name>
              <Path>classPLT__FileMediaServer.html</Path>
             </Node>
            </Subnodes>
           </Node>
          </Subnodes>
         </Node>
         <Node>
          <Name>PLT_NetworkInterfaceAddressSearchIterator</Name>
          <Path>classPLT__NetworkInterfaceAddressSearchIterator.html</Path>
         </Node>
         <Node>
          <Name>PLT_ObjectClass</Name>
          <Path>structPLT__ObjectClass.html</Path>
         </Node>
         <Node>
          <Name>PLT_OutputDatagramStream</Name>
          <Path>classPLT__OutputDatagramStream.html</Path>
         </Node>
         <Node>
          <Name>PLT_ProtocolInfo</Name>
          <Path>classPLT__ProtocolInfo.html</Path>
         </Node>
         <Node>
          <Name>PLT_Service</Name>
          <Path>classPLT__Service.html</Path>
         </Node>
         <Node>
          <Name>PLT_ServiceControlURLFinder</Name>
          <Path>classPLT__ServiceControlURLFinder.html</Path>
         </Node>
         <Node>
          <Name>PLT_ServiceEventSubURLFinder</Name>
          <Path>classPLT__ServiceEventSubURLFinder.html</Path>
         </Node>
         <Node>
          <Name>PLT_ServiceIDFinder</Name>
          <Path>classPLT__ServiceIDFinder.html</Path>
         </Node>
         <Node>
          <Name>PLT_ServiceSCPDURLFinder</Name>
          <Path>classPLT__ServiceSCPDURLFinder.html</Path>
         </Node>
         <Node>
          <Name>PLT_ServiceTypeFinder</Name>
          <Path>classPLT__ServiceTypeFinder.html</Path>
         </Node>
         <Node>
          <Name>PLT_SsdpAnnounceInterfaceIterator</Name>
          <Path>classPLT__SsdpAnnounceInterfaceIterator.html</Path>
         </Node>
         <Node>
          <Name>PLT_SsdpDeviceSearchResponseInterfaceIterator</Name>
          <Path>classPLT__SsdpDeviceSearchResponseInterfaceIterator.html</Path>
         </Node>
         <Node>
          <Name>PLT_SsdpInitMulticastIterator</Name>
          <Path>classPLT__SsdpInitMulticastIterator.html</Path>
         </Node>
         <Node>
          <Name>PLT_SsdpPacketListener</Name>
          <Path>classPLT__SsdpPacketListener.html</Path>
          <Subnodes>
           <Node>
            <Name>PLT_CtrlPoint</Name>
            <Path>classPLT__CtrlPoint.html</Path>
           </Node>
           <Node>
            <Name>PLT_DeviceHost</Name>
            <Path>classPLT__DeviceHost.html</Path>
           </Node>
          </Subnodes>
         </Node>
         <Node>
          <Name>PLT_SsdpPacketListenerIterator</Name>
          <Path>classPLT__SsdpPacketListenerIterator.html</Path>
         </Node>
         <Node>
          <Name>PLT_SsdpSearchResponseListener</Name>
          <Path>classPLT__SsdpSearchResponseListener.html</Path>
          <Subnodes>
           <Node>
            <Name>PLT_CtrlPoint</Name>
            <Path>classPLT__CtrlPoint.html</Path>
           </Node>
          </Subnodes>
         </Node>
         <Node>
          <Name>PLT_SsdpSender</Name>
          <Path>classPLT__SsdpSender.html</Path>
         </Node>
         <Node>
          <Name>PLT_StateVariable</Name>
          <Path>classPLT__StateVariable.html</Path>
         </Node>
         <Node>
          <Name>PLT_StateVariableNameFinder</Name>
          <Path>classPLT__StateVariableNameFinder.html</Path>
         </Node>
         <Node>
          <Name>PLT_TaskManager</Name>
          <Path>classPLT__TaskManager.html</Path>
         </Node>
         <Node>
          <Name>PLT_ThreadTask</Name>
          <Path>classPLT__ThreadTask.html</Path>
          <Subnodes>
           <Node>
            <Name>PLT_CtrlPointHouseKeepingTask</Name>
            <Path>classPLT__CtrlPointHouseKeepingTask.html</Path>
           </Node>
           <Node>
            <Name>PLT_HttpClientSocketTask</Name>
            <Path>classPLT__HttpClientSocketTask.html</Path>
            <Subnodes>
             <Node>
              <Name>PLT_CtrlPointGetDescriptionTask</Name>
              <Path>classPLT__CtrlPointGetDescriptionTask.html</Path>
             </Node>
             <Node>
              <Name>PLT_CtrlPointGetSCPDTask</Name>
              <Path>classPLT__CtrlPointGetSCPDTask.html</Path>
             </Node>
             <Node>
              <Name>PLT_CtrlPointInvokeActionTask</Name>
              <Path>classPLT__CtrlPointInvokeActionTask.html</Path>
             </Node>
             <Node>
              <Name>PLT_CtrlPointSubscribeEventTask</Name>
              <Path>classPLT__CtrlPointSubscribeEventTask.html</Path>
             </Node>
             <Node>
              <Name>PLT_HttpClientTask&lt; T &gt;</Name>
              <Path>classPLT__HttpClientTask.html</Path>
             </Node>
            </Subnodes>
           </Node>
           <Node>
            <Name>PLT_HttpListenTask</Name>
            <Path>classPLT__HttpListenTask.html</Path>
           </Node>
           <Node>
            <Name>PLT_HttpServerSocketTask</Name>
            <Path>classPLT__HttpServerSocketTask.html</Path>
            <Subnodes>
             <Node>
              <Name>PLT_HttpServerTask</Name>
              <Path>classPLT__HttpServerTask.html</Path>
             </Node>
             <Node>
              <Name>PLT_SsdpListenTask</Name>
              <Path>classPLT__SsdpListenTask.html</Path>
             </Node>
            </Subnodes>
           </Node>
           <Node>
            <Name>PLT_SsdpDeviceAnnounceTask</Name>
            <Path>classPLT__SsdpDeviceAnnounceTask.html</Path>
           </Node>
           <Node>
            <Name>PLT_SsdpDeviceSearchResponseTask</Name>
            <Path>classPLT__SsdpDeviceSearchResponseTask.html</Path>
           </Node>
           <Node>
            <Name>PLT_SsdpSearchTask</Name>
            <Path>classPLT__SsdpSearchTask.html</Path>
           </Node>
          </Subnodes>
         </Node>
         <Node>
          <Name>PLT_UPnP</Name>
          <Path>classPLT__UPnP.html</Path>
         </Node>
         <Node>
          <Name>PLT_UPnPMessageHelper</Name>
          <Path>classPLT__UPnPMessageHelper.html</Path>
         </Node>
         <Node>
          <Name>PLT_XmlAttributeFinder</Name>
          <Path>classPLT__XmlAttributeFinder.html</Path>
         </Node>
         <Node>
          <Name>PLT_XmlHelper</Name>
          <Path>classPLT__XmlHelper.html</Path>
         </Node>
        </Subnodes>
       </Node>
       <Node>
        <Name>Class Members</Name>
        <Path>functions.html</Path>
       </Node>
       <Node>
        <Name>File List</Name>
        <Path>files.html</Path>
        <Subnodes>
         <Node>
          <Name>Platinum.h</Name>
          <Path>Platinum_8h.html</Path>
         </Node>
         <Node>
          <Name>PltAction.h</Name>
          <Path>PltAction_8h.html</Path>
         </Node>
         <Node>
          <Name>PltArgument.h</Name>
          <Path>PltArgument_8h.html</Path>
         </Node>
         <Node>
          <Name>PltConstants.h</Name>
          <Path>PltConstants_8h.html</Path>
         </Node>
         <Node>
          <Name>PltCtrlPoint.h</Name>
          <Path>PltCtrlPoint_8h.html</Path>
         </Node>
         <Node>
          <Name>PltCtrlPointTask.h</Name>
          <Path>PltCtrlPointTask_8h.html</Path>
         </Node>
         <Node>
          <Name>PltDatagramStream.h</Name>
          <Path>PltDatagramStream_8h.html</Path>
         </Node>
         <Node>
          <Name>PltDeviceData.h</Name>
          <Path>PltDeviceData_8h.html</Path>
         </Node>
         <Node>
          <Name>PltDeviceHost.h</Name>
          <Path>PltDeviceHost_8h.html</Path>
         </Node>
         <Node>
          <Name>PltDidl.h</Name>
          <Path>PltDidl_8h.html</Path>
         </Node>
         <Node>
          <Name>PltEvent.h</Name>
          <Path>PltEvent_8h.html</Path>
         </Node>
         <Node>
          <Name>PltFileMediaServer.h</Name>
          <Path>PltFileMediaServer_8h.html</Path>
         </Node>
         <Node>
          <Name>PltHttp.h</Name>
          <Path>PltHttp_8h.html</Path>
         </Node>
         <Node>
          <Name>PltHttpClientTask.h</Name>
          <Path>PltHttpClientTask_8h.html</Path>
         </Node>
         <Node>
          <Name>PltHttpServer.h</Name>
          <Path>PltHttpServer_8h.html</Path>
         </Node>
         <Node>
          <Name>PltHttpServerTask.h</Name>
          <Path>PltHttpServerTask_8h.html</Path>
         </Node>
         <Node>
          <Name>PltMediaBrowser.h</Name>
          <Path>PltMediaBrowser_8h.html</Path>
         </Node>
         <Node>
          <Name>PltMediaCache.h</Name>
          <Path>PltMediaCache_8h.html</Path>
         </Node>
         <Node>
          <Name>PltMediaItem.h</Name>
          <Path>PltMediaItem_8h.html</Path>
         </Node>
         <Node>
          <Name>PltMediaServer.h</Name>
          <Path>PltMediaServer_8h.html</Path>
         </Node>
         <Node>
          <Name>PltService.h</Name>
          <Path>PltService_8h.html</Path>
         </Node>
         <Node>
          <Name>PltSsdp.h</Name>
          <Path>PltSsdp_8h.html</Path>
         </Node>
         <Node>
          <Name>PltStateVariable.h</Name>
          <Path>PltStateVariable_8h.html</Path>
         </Node>
         <Node>
          <Name>PltSyncMediaBrowser.h</Name>
          <Path>PltSyncMediaBrowser_8h.html</Path>
         </Node>
         <Node>
          <Name>PltTaskManager.h</Name>
          <Path>PltTaskManager_8h.html</Path>
         </Node>
         <Node>
          <Name>PltThreadTask.h</Name>
          <Path>PltThreadTask_8h.html</Path>
         </Node>
         <Node>
          <Name>PltUPnP.h</Name>
          <Path>PltUPnP_8h.html</Path>
         </Node>
        </Subnodes>
       </Node>
      </Subnodes>
    </Node>
  </TOC>
</DocSetNodes>
